archivo,directorio,track_name,artist,title,uuid,stem_id,instrumento,clase,plugin,programa,filename,raw_details
Adele_SomeoneLikeYou_METADATA.yaml,D:\src\Piano-Audio-Separation\Analsis-exploratorio\YAML\medleydb,medleydb,Adele,Someone Like You,N/A,S01,piano,,N/A,N/A,Adele_SomeoneLikeYou_STEM_01.wav,R01: piano; R02: piano
Aerosmith_LoveInAnElevator_METADATA.yaml,D:\src\Piano-Audio-Separation\Analsis-exploratorio\YAML\medleydb,medleydb,Aerosmith,Love in an Elevator,N/A,S04,"female speaker, distorted electric guitar, drum set, piano, synthesizer, shaker",,N/A,N/A,Aerosmith_LoveInAnElevator_STEM_04.wav,"R01: female speaker, distorted electric guitar, drum set, piano, synthesizer, shaker; R02: female speaker, distorted electric guitar, drum set, piano, synthesizer, shaker"
AimeeNorwich_Child_METADATA.yaml,D:\src\Piano-Audio-Separation\Analsis-exploratorio\YAML\medleydb,medleydb,Aimee Norwich,Child,N/A,S06,piano,,N/A,N/A,AimeeNorwich_Child_STEM_06.wav,R01: piano; R02: piano; R03: fx/processed sound; R04: fx/processed sound
AimeeNorwich_Flying_METADATA.yaml,D:\src\Piano-Audio-Separation\Analsis-exploratorio\YAML\medleydb,medleydb,Aimee Norwich,Flying,N/A,S09,piano,,N/A,N/A,AimeeNorwich_Flying_STEM_09.wav,R01: piano; R02: piano; R03: piano; R04: piano
ArcadeFire_BlackMirror_METADATA.yaml,D:\src\Piano-Audio-Separation\Analsis-exploratorio\YAML\medleydb,medleydb,Arcade Fire,Black Mirror,N/A,S02,"acoustic guitar, clean electric guitar, piano",,N/A,N/A,ArcadeFire_BlackMirror_STEM_02.wav,"R01: acoustic guitar, clean electric guitar, piano"
ArcadeFire_BlackMirror_METADATA.yaml,D:\src\Piano-Audio-Separation\Analsis-exploratorio\YAML\medleydb,medleydb,Arcade Fire,Black Mirror,N/A,S07,"piano, acoustic guitar",,N/A,N/A,ArcadeFire_BlackMirror_STEM_07.wav,"R01: piano, acoustic guitar"
Auctioneer_OurFutureFaces_METADATA.yaml,D:\src\Piano-Audio-Separation\Analsis-exploratorio\YAML\medleydb,medleydb,Auctioneer,Our Future Faces,N/A,S10,piano,,N/A,N/A,Auctioneer_OurFutureFaces_STEM_10.wav,R01: piano; R02: piano
BarefootSisters_RedJetta_METADATA.yaml,D:\src\Piano-Audio-Separation\Analsis-exploratorio\YAML\medleydb,medleydb,Barefoot Sisters,Red Jetta,N/A,S03,piano,,N/A,N/A,BarefootSisters_RedJetta_STEM_03.wav,R01: piano; R02: piano
Blink182_AllTheSmallThings_METADATA.yaml,D:\src\Piano-Audio-Separation\Analsis-exploratorio\YAML\medleydb,medleydb,Blink 182,All the Small Things,N/A,S05,"synthesizer, high hat, male singer, vocalists, piano, clean electric guitar",,N/A,N/A,Blink182_AllTheSmallThings_STEM_05.wav,"R01: synthesizer, high hat, male singer, vocalists, piano, clean electric guitar; R02: synthesizer, high hat, male singer, vocalists, piano, clean electric guitar"
BobSeger_OldTimeRockAndRoll_METADATA.yaml,D:\src\Piano-Audio-Separation\Analsis-exploratorio\YAML\medleydb,medleydb,Bob Seger,Old Time Rock And Roll,N/A,S05,piano,,N/A,N/A,BobSeger_OldTimeRockAndRoll_STEM_05.wav,R01: piano; R02: piano
BrandonWebster_DontHearAThing_METADATA.yaml,D:\src\Piano-Audio-Separation\Analsis-exploratorio\YAML\medleydb,medleydb,Caitlin Michelle Remmel & Benjamin Hood,Don't Hear A Thing,N/A,S03,piano,,N/A,N/A,BrandonWebster_DontHearAThing_STEM_03.wav,R01: piano; R02: piano
BrandonWebster_YesSirICanFly_METADATA.yaml,D:\src\Piano-Audio-Separation\Analsis-exploratorio\YAML\medleydb,medleydb,Cameron-Mitchell Ware & Sergi Casanelles,Yes Sir I Can Fly,N/A,S01,piano,,N/A,N/A,BrandonWebster_YesSirICanFly_STEM_01.wav,R01: piano; R02: piano
BrunoMars_Grenade_METADATA.yaml,D:\src\Piano-Audio-Separation\Analsis-exploratorio\YAML\medleydb,medleydb,Bruno Mars,Grenade,N/A,S05,electric piano,,N/A,N/A,BrunoMars_Grenade_STEM_05.wav,R01: electric piano; R02: electric piano
BrunoMars_JustTheWayYouAre_METADATA.yaml,D:\src\Piano-Audio-Separation\Analsis-exploratorio\YAML\medleydb,medleydb,Bruno Mars,Just The Way You Are,N/A,S02,piano,,N/A,N/A,BrunoMars_JustTheWayYouAre_STEM_02.wav,R01: piano; R02: piano
CarrieUnderwood_HomeSweetHome_METADATA.yaml,D:\src\Piano-Audio-Separation\Analsis-exploratorio\YAML\medleydb,medleydb,Carrie Underwood,Home Sweet Home,N/A,S04,piano,,N/A,N/A,CarrieUnderwood_HomeSweetHome_STEM_04.wav,R01: piano; R02: piano
CassandraJenkins_PerfectDay_METADATA.yaml,D:\src\Piano-Audio-Separation\Analsis-exploratorio\YAML\medleydb,medleydb,Cassandra Jenkins,Perfect Day,N/A,S03,piano,melody,N/A,N/A,CassandraJenkins_PerfectDay_STEM_03.wav,R01: piano; R02: piano; R03: piano; R04: piano
CeeloGreen_ForgetYou_METADATA.yaml,D:\src\Piano-Audio-Separation\Analsis-exploratorio\YAML\medleydb,medleydb,CeeLo Green,Forget You,N/A,S04,piano,,N/A,N/A,CeeloGreen_ForgetYou_STEM_04.wav,R01: piano; R02: piano
CelestialShore_DieForUs_METADATA.yaml,D:\src\Piano-Audio-Separation\Analsis-exploratorio\YAML\medleydb,medleydb,Celestial Shore,Die For Us,N/A,S07,tack piano,melody,N/A,N/A,CelestialShore_DieForUs_STEM_07.wav,R01: tack piano; R02: tack piano
CherryPoppinDaddies_ZootSuitRiot_METADATA.yaml,D:\src\Piano-Audio-Separation\Analsis-exploratorio\YAML\medleydb,medleydb,Cherry Poppin Daddies,Zoot Suit Riot,N/A,S07,piano,,N/A,N/A,CherryPoppinDaddies_ZootSuitRiot_STEM_07.wav,R01: piano; R02: piano
ChristinaAguilera_GenieInABottle_METADATA.yaml,D:\src\Piano-Audio-Separation\Analsis-exploratorio\YAML\medleydb,medleydb,Christina Aguilera,Genie In A Bottle,N/A,S06,piano,,N/A,N/A,ChristinaAguilera_GenieInABottle_STEM_06.wav,R01: piano; R02: piano
ClaraBerryAndWooldog_AirTraffic_METADATA.yaml,D:\src\Piano-Audio-Separation\Analsis-exploratorio\YAML\medleydb,medleydb,Clara Berry and Wooldog,Air Traffic,N/A,S06,piano,,N/A,N/A,ClaraBerryAndWooldog_AirTraffic_STEM_06.wav,R01: piano
ClaraBerryAndWooldog_Boys_METADATA.yaml,D:\src\Piano-Audio-Separation\Analsis-exploratorio\YAML\medleydb,medleydb,Clara Berry and Wooldog,Boys,N/A,S05,piano,melody,N/A,N/A,ClaraBerryAndWooldog_Boys_STEM_05.wav,R01: piano; R02: piano; R03: piano; R04: piano; R05: piano
ClaraBerryAndWooldog_Boys_METADATA.yaml,D:\src\Piano-Audio-Separation\Analsis-exploratorio\YAML\medleydb,medleydb,Clara Berry and Wooldog,Boys,N/A,S09,tack piano,,N/A,N/A,ClaraBerryAndWooldog_Boys_STEM_09.wav,R01: tack piano
ClaraBerryAndWooldog_Stella_METADATA.yaml,D:\src\Piano-Audio-Separation\Analsis-exploratorio\YAML\medleydb,medleydb,Clara Berry and Wooldog,Stella,N/A,S05,piano,,N/A,N/A,ClaraBerryAndWooldog_Stella_STEM_05.wav,R01: piano; R02: piano
ClaraBerryAndWooldog_TheBadGuys_METADATA.yaml,D:\src\Piano-Audio-Separation\Analsis-exploratorio\YAML\medleydb,medleydb,Clara Berry and Wooldog,The Bad Guys,N/A,S01,piano,,N/A,N/A,ClaraBerryAndWooldog_TheBadGuys_STEM_01.wav,R01: piano; R02: piano
ClaraBerryAndWooldog_WaltzForMyVictims_METADATA.yaml,D:\src\Piano-Audio-Separation\Analsis-exploratorio\YAML\medleydb,medleydb,Clara Berry and Wooldog,Waltz For My Victims,N/A,S03,piano,melody,N/A,N/A,ClaraBerryAndWooldog_WaltzForMyVictims_STEM_03.wav,R01: piano
CroqueMadame_Oil_METADATA.yaml,D:\src\Piano-Audio-Separation\Analsis-exploratorio\YAML\medleydb,medleydb,Croque Madame,Oil,N/A,S01,piano,melody,N/A,N/A,CroqueMadame_Oil_STEM_01.wav,R01: piano; R02: piano
CroqueMadame_Pilot_METADATA.yaml,D:\src\Piano-Audio-Separation\Analsis-exploratorio\YAML\medleydb,medleydb,Croque Madame,Pilot (Lakelot),N/A,S01,piano,melody,N/A,N/A,CroqueMadame_Pilot_STEM_01.wav,R01: piano; R02: piano
Debussy_LenfantProdigue_METADATA.yaml,D:\src\Piano-Audio-Separation\Analsis-exploratorio\YAML\medleydb,medleydb,NYU,Lenfant prodigue,N/A,S02,piano,melody,N/A,N/A,Debussy_LenfantProdigue_STEM_02.wav,R01: piano; R02: piano; R03: piano; R04: piano
DeclareAString_MendelssohnPianoTrio1Movement1_METADATA.yaml,D:\src\Piano-Audio-Separation\Analsis-exploratorio\YAML\medleydb,medleydb,Declare A String,Mendelssohn Piano Trio 1 Movement 1,N/A,S01,piano,melody,N/A,N/A,DeclareAString_MendelssohnPianoTrio1Movement1_STEM_01.wav,R01: piano; R02: piano
DeclareAString_MendelssohnPianoTrio1Movement2_METADATA.yaml,D:\src\Piano-Audio-Separation\Analsis-exploratorio\YAML\medleydb,medleydb,Declare a String,Mendelssohn Piano Trio 1 Movement 2,N/A,S04,piano,melody,N/A,N/A,DeclareAString_MendelssohnPianoTrio1Movement2_STEM_04.wav,R01: piano; R02: piano; R03: piano; R04: piano
EthanHein_GirlOnABridge_METADATA.yaml,D:\src\Piano-Audio-Separation\Analsis-exploratorio\YAML\medleydb,medleydb,Ethan Hein,Girl On A Bridge,N/A,S02,piano,,N/A,N/A,EthanHein_GirlOnABridge_STEM_02.wav,R01: piano; R02: piano
Grants_PunchDrunk_METADATA.yaml,D:\src\Piano-Audio-Separation\Analsis-exploratorio\YAML\medleydb,medleydb,Grants,Punch Drunk,N/A,S09,piano,,N/A,N/A,Grants_PunchDrunk_STEM_09.wav,R01: piano; R02: piano; R03: piano; R04: piano; R05: piano; R06: piano
Handel_TornamiAVagheggiar_METADATA.yaml,D:\src\Piano-Audio-Separation\Analsis-exploratorio\YAML\medleydb,medleydb,NYU,Tornami a Vagheggiar,N/A,S02,piano,melody,N/A,N/A,Handel_TornamiAVagheggiar_STEM_02.wav,R01: piano; R02: piano; R03: piano; R04: piano
HeladoNegro_MitadDelMundo_METADATA.yaml,D:\src\Piano-Audio-Separation\Analsis-exploratorio\YAML\medleydb,medleydb,Helado Negro,Mitad del Mundo,N/A,S10,tack piano,,N/A,N/A,HeladoNegro_MitadDelMundo_STEM_10.wav,R01: tack piano; R02: tack piano; R03: tack piano; R04: tack piano; R05: tack piano; R06: synthesizer; R07: synthesizer
InvisibleFamiliars_DisturbingWildlife_METADATA.yaml,D:\src\Piano-Audio-Separation\Analsis-exploratorio\YAML\medleydb,medleydb,Invisible Familiars,Disturbing Wildlife,N/A,S10,tack piano,melody,N/A,N/A,InvisibleFamiliars_DisturbingWildlife_STEM_10.wav,R01: tack piano
JoelHelander_Definition_METADATA.yaml,D:\src\Piano-Audio-Separation\Analsis-exploratorio\YAML\medleydb,medleydb,Joel Helander,Definition,N/A,S01,piano,melody,N/A,N/A,JoelHelander_Definition_STEM_01.wav,R01: piano; R02: piano; R03: piano; R04: piano; R05: piano; R06: piano; R07: piano; R08: piano
JoelHelander_ExcessiveResistancetoChange_METADATA.yaml,D:\src\Piano-Audio-Separation\Analsis-exploratorio\YAML\medleydb,medleydb,Joel Helander,Excessive Resistance to Change,N/A,S01,tack piano,melody,N/A,N/A,JoelHelander_ExcessiveResistancetoChange_STEM_01.wav,R01: piano; R02: piano; R03: piano; R04: tack piano; R05: tack piano; R06: tack piano; R07: tack piano; R08: tack piano
JoelHelander_ExcessiveResistancetoChange_METADATA.yaml,D:\src\Piano-Audio-Separation\Analsis-exploratorio\YAML\medleydb,medleydb,Joel Helander,Excessive Resistance to Change,N/A,S02,tack piano,,N/A,N/A,JoelHelander_ExcessiveResistancetoChange_STEM_02.wav,R01: tack piano; R02: tack piano; R03: tack piano; R04: tack piano; R05: tack piano; R06: tack piano; R07: tack piano; R08: tack piano
JoelHelander_ExcessiveResistancetoChange_METADATA.yaml,D:\src\Piano-Audio-Separation\Analsis-exploratorio\YAML\medleydb,medleydb,Joel Helander,Excessive Resistance to Change,N/A,S03,piano,melody,N/A,N/A,JoelHelander_ExcessiveResistancetoChange_STEM_03.wav,R01: piano; R02: piano; R03: piano; R04: piano; R05: piano
JoelHelander_ExcessiveResistancetoChange_METADATA.yaml,D:\src\Piano-Audio-Separation\Analsis-exploratorio\YAML\medleydb,medleydb,Joel Helander,Excessive Resistance to Change,N/A,S04,tack piano,melody,N/A,N/A,JoelHelander_ExcessiveResistancetoChange_STEM_04.wav,R01: tack piano; R02: tack piano; R03: tack piano
KanyeWest_LoveLockdown_METADATA.yaml,D:\src\Piano-Audio-Separation\Analsis-exploratorio\YAML\medleydb,medleydb,Kanye West,Love Lockdown,N/A,S05,piano,,N/A,N/A,KanyeWest_LoveLockdown_STEM_05.wav,R01: piano; R02: piano
KarimDouaidy_Hopscotch_METADATA.yaml,D:\src\Piano-Audio-Separation\Analsis-exploratorio\YAML\medleydb,medleydb,Karim Douaidy,Hopscotch,N/A,S09,piano,melody,N/A,N/A,KarimDouaidy_Hopscotch_STEM_09.wav,R01: piano; R02: piano
KarimDouaidy_Yatora_METADATA.yaml,D:\src\Piano-Audio-Separation\Analsis-exploratorio\YAML\medleydb,medleydb,Karim Douaidy,Yatora,N/A,S05,piano,melody,N/A,N/A,KarimDouaidy_Yatora_STEM_05.wav,R01: piano; R02: piano
Katzn_CharlieKnox_METADATA.yaml,D:\src\Piano-Audio-Separation\Analsis-exploratorio\YAML\medleydb,medleydb,Katzn,Charlie Knox,N/A,S02,piano,melody,N/A,N/A,Katzn_CharlieKnox_STEM_02.wav,R01: piano; R02: piano
LewisAndClarke_TheSilverSea_METADATA.yaml,D:\src\Piano-Audio-Separation\Analsis-exploratorio\YAML\medleydb,medleydb,Lewis And Clarke,The Silver Sea,N/A,S09,electric piano,melody,N/A,N/A,LewisAndClarke_TheSilverSea_STEM_09.wav,R01: electric piano; R02: electric piano; R03: electric piano; R04: electric piano; R05: electric piano; R06: electric piano
LilyAllen_NotFair_METADATA.yaml,D:\src\Piano-Audio-Separation\Analsis-exploratorio\YAML\medleydb,medleydb,Lily Allen,Not Fair,N/A,S09,piano,,N/A,N/A,LilyAllen_NotFair_STEM_09.wav,R01: piano; R02: piano
LinkinPark_InTheEnd_METADATA.yaml,D:\src\Piano-Audio-Separation\Analsis-exploratorio\YAML\medleydb,medleydb,Linkin Park,In The End,N/A,S05,"piano, string section",melody,N/A,N/A,LinkinPark_InTheEnd_STEM_05.wav,"R01: piano, string section; R02: piano, string section"
LittleTybee_TheAlchemist_METADATA.yaml,D:\src\Piano-Audio-Separation\Analsis-exploratorio\YAML\medleydb,medleydb,Little Tybee,The Alchemist,N/A,S09,electric piano,melody,N/A,N/A,LittleTybee_TheAlchemist_STEM_09.wav,R01: electric piano; R02: electric piano; R03: electric piano
Lushlife_ToynbeeSuite_METADATA.yaml,D:\src\Piano-Audio-Separation\Analsis-exploratorio\YAML\medleydb,medleydb,Lushlife,Toynbee Suite,N/A,S23,piano,,N/A,N/A,Lushlife_ToynbeeSuite_STEM_23.wav,R01: piano
MarvinGaye_WhatsGoingOn_METADATA.yaml,D:\src\Piano-Audio-Separation\Analsis-exploratorio\YAML\medleydb,medleydb,Marvin Gaye,Whats Going On,N/A,S02,piano,,N/A,N/A,MarvinGaye_WhatsGoingOn_STEM_02.wav,R01: piano
MatthewEntwistle_AnEveningWithOliver_METADATA.yaml,D:\src\Piano-Audio-Separation\Analsis-exploratorio\YAML\medleydb,medleydb,Matthew Entwistle,An Evening With Oliver,N/A,S11,piano,,N/A,N/A,MatthewEntwistle_AnEveningWithOliver_STEM_11.wav,R01: piano
MatthewEntwistle_DontYouEver_METADATA.yaml,D:\src\Piano-Audio-Separation\Analsis-exploratorio\YAML\medleydb,medleydb,Matthew Entwistle,Dont You Ever,N/A,S02,piano,melody,N/A,N/A,MatthewEntwistle_DontYouEver_STEM_02.wav,R01: piano
MatthewEntwistle_FairerHopes_METADATA.yaml,D:\src\Piano-Audio-Separation\Analsis-exploratorio\YAML\medleydb,medleydb,Matthew Entwistle,Fairer Hopes,N/A,S13,piano,,N/A,N/A,MatthewEntwistle_FairerHopes_STEM_13.wav,R01: piano; R02: piano
MatthewEntwistle_ImpressionsOfSaturn_METADATA.yaml,D:\src\Piano-Audio-Separation\Analsis-exploratorio\YAML\medleydb,medleydb,Matthew Entwistle,Impressions of Saturn,N/A,S06,piano,,N/A,N/A,MatthewEntwistle_ImpressionsOfSaturn_STEM_06.wav,R01: piano; R02: piano
MatthewEntwistle_Lontano_METADATA.yaml,D:\src\Piano-Audio-Separation\Analsis-exploratorio\YAML\medleydb,medleydb,Matthew Entwistle,Lontano,N/A,S01,piano,,N/A,N/A,MatthewEntwistle_Lontano_STEM_01.wav,R01: piano; R02: piano
MatthewEntwistle_ReturnToVenezia_METADATA.yaml,D:\src\Piano-Audio-Separation\Analsis-exploratorio\YAML\medleydb,medleydb,Matthew Entwistle,Return To Venezia,N/A,S02,piano,melody,N/A,N/A,MatthewEntwistle_ReturnToVenezia_STEM_02.wav,R01: piano; R02: piano
MatthewEntwistle_TheArch_METADATA.yaml,D:\src\Piano-Audio-Separation\Analsis-exploratorio\YAML\medleydb,medleydb,Matthew Entwistle,The Arch,N/A,S18,piano,melody,N/A,N/A,MatthewEntwistle_TheArch_STEM_18.wav,R01: piano
MatthewEntwistle_TheFlaxenField_METADATA.yaml,D:\src\Piano-Audio-Separation\Analsis-exploratorio\YAML\medleydb,medleydb,Matthew Entwistle,The Flaxen Field,N/A,S03,piano,melody,N/A,N/A,MatthewEntwistle_TheFlaxenField_STEM_03.wav,R01: piano; R02: piano
MichaelKropf_AllGoodThings_METADATA.yaml,D:\src\Piano-Audio-Separation\Analsis-exploratorio\YAML\medleydb,medleydb,Michael Kropf,All Good Things,N/A,S01,piano,melody,N/A,N/A,MichaelKropf_AllGoodThings_STEM_01.wav,R01: piano; R02: piano
MidnightBlue_HuntingSeason_METADATA.yaml,D:\src\Piano-Audio-Separation\Analsis-exploratorio\YAML\medleydb,medleydb,Midnight Blue,Hunting Season,N/A,S08,piano,melody,N/A,N/A,MidnightBlue_HuntingSeason_STEM_08.wav,R01: piano; R02: piano
MikeOldfield_Quicksilver_METADATA.yaml,D:\src\Piano-Audio-Separation\Analsis-exploratorio\YAML\medleydb,medleydb,Mike Oldfield,Quicksilver,N/A,S01,piano,melody,N/A,N/A,MikeOldfield_Quicksilver_STEM_01.wav,R01: piano; R02: piano
Mozart_BesterJungling_METADATA.yaml,D:\src\Piano-Audio-Separation\Analsis-exploratorio\YAML\medleydb,medleydb,NYU,Bester Jungling,N/A,S02,piano,melody,N/A,N/A,Mozart_BesterJungling_STEM_02.wav,R01: piano; R02: piano; R03: piano; R04: piano
Mozart_DiesBildnis_METADATA.yaml,D:\src\Piano-Audio-Separation\Analsis-exploratorio\YAML\medleydb,medleydb,NYU,Dies Bildnis,N/A,S02,piano,melody,N/A,N/A,Mozart_DiesBildnis_STEM_02.wav,R01: piano; R02: piano; R03: piano; R04: piano
MusicDelta_BebopJazz_METADATA.yaml,D:\src\Piano-Audio-Separation\Analsis-exploratorio\YAML\medleydb,medleydb,Music Delta,Bebop Jazz,N/A,S03,piano,,N/A,N/A,MusicDelta_BebopJazz_STEM_03.wav,R01: piano
MusicDelta_CoolJazz_METADATA.yaml,D:\src\Piano-Audio-Separation\Analsis-exploratorio\YAML\medleydb,medleydb,Music Delta,Cool Jazz,N/A,S03,piano,,N/A,N/A,MusicDelta_CoolJazz_STEM_03.wav,R01: piano
MusicDelta_FunkJazz_METADATA.yaml,D:\src\Piano-Audio-Separation\Analsis-exploratorio\YAML\medleydb,medleydb,Music Delta,Funk Jazz,N/A,S03,electric piano,melody,N/A,N/A,MusicDelta_FunkJazz_STEM_03.wav,R01: electric piano
MusicDelta_FusionJazz_METADATA.yaml,D:\src\Piano-Audio-Separation\Analsis-exploratorio\YAML\medleydb,medleydb,Music Delta,Fusion Jazz,N/A,S03,electric piano,,N/A,N/A,MusicDelta_FusionJazz_STEM_03.wav,R01: electric piano
MusicDelta_LatinJazz_METADATA.yaml,D:\src\Piano-Audio-Separation\Analsis-exploratorio\YAML\medleydb,medleydb,Music Delta,Latin Jazz,N/A,S03,electric piano,,N/A,N/A,MusicDelta_LatinJazz_STEM_03.wav,R01: electric piano
MusicDelta_ModalJazz_METADATA.yaml,D:\src\Piano-Audio-Separation\Analsis-exploratorio\YAML\medleydb,medleydb,Music Delta,Modal Jazz,N/A,S03,piano,,N/A,N/A,MusicDelta_ModalJazz_STEM_03.wav,R01: piano
MusicDelta_SwingJazz_METADATA.yaml,D:\src\Piano-Audio-Separation\Analsis-exploratorio\YAML\medleydb,medleydb,Music Delta,Swing Jazz,N/A,S03,piano,melody,N/A,N/A,MusicDelta_SwingJazz_STEM_03.wav,R01: piano
MutualBenefit_NotForNothing_METADATA.yaml,D:\src\Piano-Audio-Separation\Analsis-exploratorio\YAML\medleydb,medleydb,Mutual Benefit,Not For Nothing,N/A,S10,piano,,N/A,N/A,MutualBenefit_NotForNothing_STEM_10.wav,R01: piano; R02: piano
PeterMatthewBauer_YouAlwaysLookForSomeoneLost_METADATA.yaml,D:\src\Piano-Audio-Separation\Analsis-exploratorio\YAML\medleydb,medleydb,Peter Matthew Bauer,You Always Look For Someone Lost,N/A,S03,piano,,N/A,N/A,PeterMatthewBauer_YouAlwaysLookForSomeoneLost_STEM_03.wav,R01: piano; R02: piano
PoliceHearingDepartment_Brahms_METADATA.yaml,D:\src\Piano-Audio-Separation\Analsis-exploratorio\YAML\medleydb,medleydb,Police Hearing Department,Brahms,N/A,S03,piano,melody,N/A,N/A,PoliceHearingDepartment_Brahms_STEM_03.wav,R01: piano; R02: piano
PoliceHearingDepartment_SchumannMovement1_METADATA.yaml,D:\src\Piano-Audio-Separation\Analsis-exploratorio\YAML\medleydb,medleydb,Police Hearing Department,Schumann Movement 1,N/A,S06,piano,melody,N/A,N/A,PoliceHearingDepartment_SchumannMovement1_STEM_06.wav,R01: piano; R02: piano
PoliceHearingDepartment_SchumannMovement2_METADATA.yaml,D:\src\Piano-Audio-Separation\Analsis-exploratorio\YAML\medleydb,medleydb,Police Hearing Department,Schumann Movement 2,N/A,S06,piano,melody,N/A,N/A,PoliceHearingDepartment_SchumannMovement2_STEM_06.wav,R01: piano; R02: piano
PortStWillow_StayEven_METADATA.yaml,D:\src\Piano-Audio-Separation\Analsis-exploratorio\YAML\medleydb,medleydb,Port St Willow,Stay Even,N/A,S09,piano,,N/A,N/A,PortStWillow_StayEven_STEM_09.wav,R01: piano; R02: piano; R03: tack piano; R04: tack piano
QuantumChromos_Circuits_METADATA.yaml,D:\src\Piano-Audio-Separation\Analsis-exploratorio\YAML\medleydb,medleydb,Quantum Chromos,Circuits,N/A,S03,piano,melody,N/A,N/A,QuantumChromos_Circuits_STEM_03.wav,R01: piano; R02: piano
RodrigoBonelli_BalladForLaura_METADATA.yaml,D:\src\Piano-Audio-Separation\Analsis-exploratorio\YAML\medleydb,medleydb,Rodrigo Bonelli,Ballad for Laura,N/A,S07,piano,melody,N/A,N/A,RodrigoBonelli_BalladForLaura_STEM_07.wav,R01: piano; R02: piano; R03: piano; R04: piano
SasquatchConnection_BoomBoxing_METADATA.yaml,D:\src\Piano-Audio-Separation\Analsis-exploratorio\YAML\medleydb,medleydb,Sasquatch Connection,Boom Boxing,N/A,S03,piano,,N/A,N/A,SasquatchConnection_BoomBoxing_STEM_03.wav,R01: piano; R02: piano; R03: piano
SasquatchConnection_HolyClamsBatman_METADATA.yaml,D:\src\Piano-Audio-Separation\Analsis-exploratorio\YAML\medleydb,medleydb,Sasquatch Connection,Holy Clams Batman,N/A,S03,piano,melody,N/A,N/A,SasquatchConnection_HolyClamsBatman_STEM_03.wav,R01: piano; R02: piano
SasquatchConnection_Illuminati_METADATA.yaml,D:\src\Piano-Audio-Separation\Analsis-exploratorio\YAML\medleydb,medleydb,Sasquatch Connection,Illuminati,N/A,S05,piano,melody,N/A,N/A,SasquatchConnection_Illuminati_STEM_05.wav,R01: piano; R02: piano
SasquatchConnection_Struttin_METADATA.yaml,D:\src\Piano-Audio-Separation\Analsis-exploratorio\YAML\medleydb,medleydb,Sasquatch Connection,Struttin,N/A,S02,piano,melody,N/A,N/A,SasquatchConnection_Struttin_STEM_02.wav,R01: piano; R02: piano
SasquatchConnection_ThanksALatte_METADATA.yaml,D:\src\Piano-Audio-Separation\Analsis-exploratorio\YAML\medleydb,medleydb,Sasquatch Connection,Thanks a Latte,N/A,S01,piano,melody,N/A,N/A,SasquatchConnection_ThanksALatte_STEM_01.wav,R01: piano; R02: piano
Schubert_Erstarrung_METADATA.yaml,D:\src\Piano-Audio-Separation\Analsis-exploratorio\YAML\medleydb,medleydb,NYU,Erstarrung,N/A,S02,piano,melody,N/A,N/A,Schubert_Erstarrung_STEM_02.wav,R01: piano; R02: piano; R03: piano; R04: piano
Schumann_Mignon_METADATA.yaml,D:\src\Piano-Audio-Separation\Analsis-exploratorio\YAML\medleydb,medleydb,NYU,Mignon (Kennst du das Land) Op.92a Mvt.1,N/A,S01,piano,melody,N/A,N/A,Schumann_Mignon_STEM_01.wav,R01: piano; R02: piano; R03: piano
SecretMountains_HighHorse_METADATA.yaml,D:\src\Piano-Audio-Separation\Analsis-exploratorio\YAML\medleydb,medleydb,Secret Mountains,High Horse,N/A,S07,piano,,N/A,N/A,SecretMountains_HighHorse_STEM_07.wav,R01: piano; R02: piano; R03: piano; R04: piano
SlowGhost_FirstSnow_METADATA.yaml,D:\src\Piano-Audio-Separation\Analsis-exploratorio\YAML\medleydb,medleydb,Slow Ghost,First Snow,N/A,S03,electric piano,melody,N/A,N/A,SlowGhost_FirstSnow_STEM_03.wav,R01: electric piano; R02: electric piano
SlowGhost_MidnightGroove_METADATA.yaml,D:\src\Piano-Audio-Separation\Analsis-exploratorio\YAML\medleydb,medleydb,Slow Ghost,Midnight Groove,N/A,S03,electric piano,melody,N/A,N/A,SlowGhost_MidnightGroove_STEM_03.wav,R01: electric piano; R02: electric piano
SlowGhost_Peanut_METADATA.yaml,D:\src\Piano-Audio-Separation\Analsis-exploratorio\YAML\medleydb,medleydb,Slow Ghost,Peanut,N/A,S03,electric piano,melody,N/A,N/A,SlowGhost_Peanut_STEM_03.wav,R01: electric piano; R02: electric piano
SlowGhost_YoureAMystery_METADATA.yaml,D:\src\Piano-Audio-Separation\Analsis-exploratorio\YAML\medleydb,medleydb,Slow Ghost,You’re a Mystery,N/A,S01,electric piano,melody,N/A,N/A,SlowGhost_YoureAMystery_STEM_01.wav,R01: electric piano; R02: electric piano
Snowmine_Curfews_METADATA.yaml,D:\src\Piano-Audio-Separation\Analsis-exploratorio\YAML\medleydb,medleydb,Snowmine,Curfews,N/A,S11,tack piano,,N/A,N/A,Snowmine_Curfews_STEM_11.wav,R01: tack piano; R02: tack piano; R03: tack piano
SongYiJeon_TwoMoons_METADATA.yaml,D:\src\Piano-Audio-Separation\Analsis-exploratorio\YAML\medleydb,medleydb,Song Yi Jeon,Two Moons,N/A,S02,piano,melody,N/A,N/A,SongYiJeon_TwoMoons_STEM_02.wav,R01: piano; R02: piano; R03: piano; R04: piano
StevenClark_Bounty_METADATA.yaml,D:\src\Piano-Audio-Separation\Analsis-exploratorio\YAML\medleydb,medleydb,Steven Clark,Bounty,N/A,S09,piano,,N/A,N/A,StevenClark_Bounty_STEM_09.wav,R01: piano; R02: piano
StrandOfOaks_Spacestation_METADATA.yaml,D:\src\Piano-Audio-Separation\Analsis-exploratorio\YAML\medleydb,medleydb,Strand of Oaks,Spacestation,N/A,S06,piano,,N/A,N/A,StrandOfOaks_Spacestation_STEM_06.wav,R01: piano; R02: piano; R03: piano; R04: piano
StrandOfOaks_Spacestation_METADATA.yaml,D:\src\Piano-Audio-Separation\Analsis-exploratorio\YAML\medleydb,medleydb,Strand of Oaks,Spacestation,N/A,S08,tack piano,melody,N/A,N/A,StrandOfOaks_Spacestation_STEM_08.wav,R01: tack piano; R02: tack piano
Sweat_AlmostAlways_METADATA.yaml,D:\src\Piano-Audio-Separation\Analsis-exploratorio\YAML\medleydb,medleydb,SWEAT,Almost Always,N/A,S04,piano,melody,N/A,N/A,Sweat_AlmostAlways_STEM_04.wav,R01: piano; R02: piano; R03: piano; R04: piano; R05: piano; R06: piano; R07: piano; R08: piano
Sweat_Anecdoche_METADATA.yaml,D:\src\Piano-Audio-Separation\Analsis-exploratorio\YAML\medleydb,medleydb,SWEAT,Anecdoche,N/A,S06,piano,melody,N/A,N/A,Sweat_Anecdoche_STEM_06.wav,R01: piano; R02: piano; R03: piano; R04: piano; R05: piano; R06: piano; R07: piano; R08: piano
Sweat_Elegy_METADATA.yaml,D:\src\Piano-Audio-Separation\Analsis-exploratorio\YAML\medleydb,medleydb,SWEAT,Elegy,N/A,S03,piano,melody,N/A,N/A,Sweat_Elegy_STEM_03.wav,R01: piano; R02: piano; R03: piano; R04: piano; R05: piano; R06: piano; R07: piano; R08: piano
Sweat_Mesozoic_METADATA.yaml,D:\src\Piano-Audio-Separation\Analsis-exploratorio\YAML\medleydb,medleydb,SWEAT,Mesozoic,N/A,S04,piano,melody,N/A,N/A,Sweat_Mesozoic_STEM_04.wav,R01: piano; R02: piano; R03: piano; R04: piano; R05: piano; R06: piano; R07: piano; R08: piano
Sweat_Sn1572_METADATA.yaml,D:\src\Piano-Audio-Separation\Analsis-exploratorio\YAML\medleydb,medleydb,Sweat,SN 1572,N/A,S05,electric piano,melody,N/A,N/A,Sweat_Sn1572_STEM_05.wav,R01: electric piano; R02: electric piano; R03: electric piano; R04: electric piano
Sweat_Tact_METADATA.yaml,D:\src\Piano-Audio-Separation\Analsis-exploratorio\YAML\medleydb,medleydb,SWEAT,Tact,N/A,S02,piano,melody,N/A,N/A,Sweat_Tact_STEM_02.wav,R01: piano; R02: piano; R03: piano; R04: piano; R05: piano; R06: piano; R07: piano; R08: piano
SweetLights_YouLetMeDown_METADATA.yaml,D:\src\Piano-Audio-Separation\Analsis-exploratorio\YAML\medleydb,medleydb,Sweet Lights,You Let Me Down,N/A,S09,piano,,N/A,N/A,SweetLights_YouLetMeDown_STEM_09.wav,R01: piano
SweetLights_YouLetMeDown_METADATA.yaml,D:\src\Piano-Audio-Separation\Analsis-exploratorio\YAML\medleydb,medleydb,Sweet Lights,You Let Me Down,N/A,S11,tack piano,,N/A,N/A,SweetLights_YouLetMeDown_STEM_11.wav,R01: tack piano
TheAllAmericanRejects_DirtyLittleSecret_METADATA.yaml,D:\src\Piano-Audio-Separation\Analsis-exploratorio\YAML\medleydb,medleydb,The All American Rejects,Dirty Little Secret,N/A,S04,"distorted electric guitar, piano, synthesizer, tambourine",,N/A,N/A,TheAllAmericanRejects_DirtyLittleSecret_STEM_04.wav,"R01: distorted electric guitar, piano, synthesizer, tambourine; R02: distorted electric guitar, piano, synthesizer, tambourine"
TheAllmanBrothersBand_RamblinMan_METADATA.yaml,D:\src\Piano-Audio-Separation\Analsis-exploratorio\YAML\medleydb,medleydb,The Allman Brothers Band,Ramblin Man,N/A,S06,"electronic organ, tambourine, piano, clean electric guitar",,N/A,N/A,TheAllmanBrothersBand_RamblinMan_STEM_06.wav,"R01: electronic organ, tambourine, piano, clean electric guitar; R02: electronic organ, tambourine, piano, clean electric guitar"
TheBeatles_WhenIm64_METADATA.yaml,D:\src\Piano-Audio-Separation\Analsis-exploratorio\YAML\medleydb,medleydb,The Beatles,When I'm 64,N/A,S05,piano,,N/A,N/A,TheBeatles_WhenIm64_STEM_05.wav,R01: piano; R02: piano
TheFranckDuo_FranckViolinSonataInAMajorMovement1_METADATA.yaml,D:\src\Piano-Audio-Separation\Analsis-exploratorio\YAML\medleydb,medleydb,The Franck Duo,Franck Violin Sonata in A Major Movement 1,N/A,S03,piano,melody,N/A,N/A,TheFranckDuo_FranckViolinSonataInAMajorMovement1_STEM_03.wav,R01: piano; R02: piano
TheFranckDuo_FranckViolinSonataInAMajorMovement2_METADATA.yaml,D:\src\Piano-Audio-Separation\Analsis-exploratorio\YAML\medleydb,medleydb,The Franck Duo,Franck Violin Sonata in A Major Movement 2,N/A,S02,piano,melody,N/A,N/A,TheFranckDuo_FranckViolinSonataInAMajorMovement2_STEM_02.wav,R01: piano; R02: piano
TheKitchenettes_Alive_METADATA.yaml,D:\src\Piano-Audio-Separation\Analsis-exploratorio\YAML\medleydb,medleydb,The Kitchenettes,Alive,N/A,S05,piano,melody,N/A,N/A,TheKitchenettes_Alive_STEM_05.wav,R01: piano; R02: piano
TheLastGoodnight_PicturesOfYou_METADATA.yaml,D:\src\Piano-Audio-Separation\Analsis-exploratorio\YAML\medleydb,medleydb,The Last Goodnight,Pictures Of You,N/A,S02,"piano, distorted electric guitar",,N/A,N/A,TheLastGoodnight_PicturesOfYou_STEM_02.wav,"R01: piano, distorted electric guitar; R02: piano, distorted electric guitar"
TPain_Bartender_METADATA.yaml,D:\src\Piano-Audio-Separation\Analsis-exploratorio\YAML\medleydb,medleydb,T-Pain,Bartender,N/A,S02,electric piano,,N/A,N/A,TPain_Bartender_STEM_02.wav,R01: electric piano; R02: electric piano
Verdi_IlTrovatore_METADATA.yaml,D:\src\Piano-Audio-Separation\Analsis-exploratorio\YAML\medleydb,medleydb,Verdi,Il Trovatore,N/A,S02,piano,,N/A,N/A,Verdi_IlTrovatore_STEM_02.wav,R01: piano; R02: piano
Wolf_DieBekherte_METADATA.yaml,D:\src\Piano-Audio-Separation\Analsis-exploratorio\YAML\medleydb,medleydb,NYU,Die Bekherte,N/A,S02,piano,melody,N/A,N/A,Wolf_DieBekherte_STEM_02.wav,R01: piano; R02: piano; R03: piano; R04: piano
