title,artist,instruments
Back In Black,AC DC,"male singer, drum set, electric bass, kick drum, Main System, high hat, cymbal, distorted electric guitar"
Night Owl,A Classic Education,"male singer, drum set, electric bass, clean electric guitar, kick drum, synthesizer, female singer, vocalists, tambourine, fx/processed sound, distorted electric guitar, snare drum"
Someone Like You,Adele,"vocalists, female singer, piano"
Love in an Elevator,Aerosmith,"male singer, drum set, electric bass, piano, shaker, kick drum, synthesizer, toms, vocalists, high hat, distorted electric guitar, female speaker, snare drum"
Take On Me,A Ha,"male singer, drum set, synthesizer, vocalists, acoustic guitar"
Child,Aimee Norwich,"drum set, electric bass, clean electric guitar, piano, kick drum, female singer, toms, vocalists, acoustic guitar, fx/processed sound, snare drum"
Flying,Aimee Norwich,"clarinet, drum set, electric bass, clean electric guitar, piano, trombone, kick drum, toms, cello, fx/processed sound, snare drum"
You Oughta Know,Alanis Morissette,"drum set, electric bass, clean electric guitar, female singer, high hat, fx/processed sound, distorted electric guitar"
Goodbye Bolero,Alexander Ross,"trumpet, male singer, drum set, electric bass, clean electric guitar, viola section, kick drum, euphonium, brass section, high hat, viola, harmonica, acoustic guitar, snare drum"
Velvet Curtain,Alexander Ross,"trumpet, male singer, drum set, electric bass, clean electric guitar, kick drum, euphonium, toms, brass section, high hat, cello, vocalists, acoustic guitar, string section, snare drum"
Mendelssohn Movement 1,Allegria,"viola, cello, Main System, violin"
Chiron,All That Remains,"male singer, drum set, electric bass, kick drum, male screamer, high hat, acoustic guitar, distorted electric guitar"
Mozart Allegro,Amadeus Redux,"viola, cello, Main System, violin"
Schubert Movement 2,Amadeus Redux,"viola, cello, Main System, violin"
Schubert Movement 3,Amadeus Redux,"viola, cello, Main System, violin"
Rest,Amar Lal,"fx/processed sound, clean electric guitar"
Spring Day 1,Amar Lal,acoustic guitar
The Feel Good Drag,Anberlin,"male singer, drum set, electric bass, kick drum, synthesizer, vocalists, tambourine, cymbal, distorted electric guitar, snare drum"
Anything,An Endless Sporadic,"drum set, electric bass, shaker, kick drum, synthesizer, toms, cymbal, fx/processed sound, distorted electric guitar, auxiliary percussion, snare drum"
Black Mirror,Arcade Fire,"male singer, drum set, electric bass, clean electric guitar, piano, female singer, vocalists, acoustic guitar, fx/processed sound, harp, string section, woodwind section"
Brainstorm,Arctic Monkeys,"male singer, drum set, electric bass, kick drum, tambourine, vocalists, distorted electric guitar"
Our Future Faces,Auctioneer,"male singer, drum set, electric bass, clean electric guitar, shaker, piano, kick drum, toms, vocalists, vibraphone, horn section, fx/processed sound, banjo, auxiliary percussion, snare drum"
Waterduct,Ava Luna,"male singer, drum set, electric bass, clean electric guitar, kick drum, synthesizer, female singer, vocalists, vibraphone, fx/processed sound, distorted electric guitar, snare drum"
01 Ach Gottund Herr,Bach10,"bassoon, clarinet, tenor saxophone, violin"
02 Ach Lieben Christen,Bach10,"bassoon, clarinet, tenor saxophone, violin"
03 Christederdubist Tagund Licht,Bach10,"bassoon, clarinet, tenor saxophone, violin"
04 Christe Du Beistand,Bach10,"bassoon, clarinet, tenor saxophone, violin"
05 Die Nacht,Bach10,"bassoon, clarinet, tenor saxophone, violin"
06 Die Sonne,Bach10,"bassoon, clarinet, tenor saxophone, violin"
07 Herr Gott,Bach10,"bassoon, clarinet, tenor saxophone, violin"
08 Fuer Deinen Thron,Bach10,"bassoon, clarinet, tenor saxophone, violin"
09 Jesus,Bach10,"bassoon, clarinet, tenor saxophone, violin"
10 Nun Bitten,Bach10,"bassoon, clarinet, tenor saxophone, violin"
Red Jetta,Barefoot Sisters,"drum set, piano, kick drum, vocalists, high hat, acoustic guitar, snare drum"
Phantom,Big Troubles,"male singer, drum set, electric bass, clean electric guitar, kick drum, distorted electric guitar, snare drum"
White Wedding,Billy Idol,"male singer, drum set, electric bass, clean electric guitar, kick drum, synthesizer, toms, choir, vocalists, high hat, distorted electric guitar, snare drum"
The Stroke,Billy Squier,"male singer, drum set, electric bass, kick drum, vocalists, high hat, fx/processed sound, distorted electric guitar, snare drum"
I Gotta Feeling,Black Eyed Peas,"male singer, clean electric guitar, kick drum, cello section, synthesizer, female singer, vocalists, cymbal, drum machine, violin section, snare drum"
War Pigs,Black Sabbath,"male singer, drum set, electric bass, kick drum, cymbal, distorted electric guitar, Unlabeled, snare drum"
All the Small Things,Blink 182,"male singer, drum set, electric bass, piano, clean electric guitar, kick drum, synthesizer, vocalists, high hat, cymbal, distorted electric guitar, snare drum"
One Way Or Another,Blondie,"drum set, electric bass, kick drum, female singer, toms, synthesizer, vocalists, cymbal, distorted electric guitar, snare drum"
Don't Fear the Reaper,Blue Oyster Cult,"male singer, drum set, electric bass, clean electric guitar, kick drum, electronic organ, synthesizer, vocalists, cymbal, auxiliary percussion, snare drum"
Old Time Rock And Roll,Bob Seger,"male singer, drum set, electric bass, piano, kick drum, toms, vocalists, high hat, distorted electric guitar, snare drum"
More Than a Feeling,Boston,"male singer, drum set, electric bass, kick drum, toms, vocalists, high hat, acoustic guitar, Unlabeled, snare drum"
Mud On The Tires,Brad Paisley,"male singer, drum set, electric bass, kick drum, high hat, acoustic guitar, distorted electric guitar, Unlabeled, snare drum"
Don't Hear A Thing,Caitlin Michelle Remmel & Benjamin Hood,"female singer, male speaker, piano"
Yes Sir I Can Fly,Cameron-Mitchell Ware & Sergi Casanelles,"male singer, piano"
Hillbilly Deluxe,Brooks Dunn,"male singer, drum set, electric bass, clean electric guitar, kick drum, toms, vocalists, high hat, Unlabeled, snare drum"
Grenade,Bruno Mars,"male singer, drum set, electric bass, kick drum, electric piano, toms, vocalists, distorted electric guitar, Unlabeled"
Just The Way You Are,Bruno Mars,"male singer, drum set, electric bass, piano, kick drum, synthesizer, vocalists, Unlabeled"
Marry You,Bruno Mars,"male singer, drum set, electric bass, clean electric guitar, vocalists, fx/processed sound, Unlabeled"
Summer of 69,Bryan Adams,"male singer, drum set, electric bass, kick drum, distorted electric guitar, Unlabeled, snare drum"
Machinehead,Bush,"drum set, electric bass, kick drum, cymbal, distorted electric guitar, Unlabeled, snare drum"
Kung Fu Fighting,Carl Douglas,"male singer, drum set, electric bass, kick drum, toms, vocalists, high hat, Unlabeled, snare drum"
Home Sweet Home,Carrie Underwood,"drum set, electric bass, piano, female singer, string section, acoustic guitar, distorted electric guitar"
Perfect Day,Cassandra Jenkins,"drum set, electric bass, piano, female singer, synthesizer, acoustic guitar, horn section, string section"
I Promise,Cat Martino,"drum set, electronic organ, female singer, synthesizer, drum machine, fx/processed sound"
Miss Thing,Cayetana,"distorted electric guitar, drum set, electric bass, female singer"
Forget You,CeeLo Green,"male singer, electric bass, piano, clean electric guitar, Unlabeled, electronic organ, auxiliary percussion"
Die For Us,Celestial Shore,"male singer, drum set, electric bass, clean electric guitar, kick drum, synthesizer, female singer, tack piano, snare drum"
I Want You To Want Me,Cheap Trick,"male singer, drum set, electric bass, kick drum, high hat, distorted electric guitar, snare drum"
Zoot Suit Riot,Cherry Poppin Daddies,"trumpet, double bass, male singer, drum set, clean electric guitar, piano, vocalists, horn section"
Yeah,Chris Brown,"male singer, electric bass, synthesizer, vocalists, drum machine, fx/processed sound"
Booth Shot Lincoln,Chris Jacoby,"tabla, mandolin, clean electric guitar, drum machine"
Pigs Foot,Chris Jacoby,"kick drum, tabla, mandolin, electric bass"
Genie In A Bottle,Christina Aguilera,"shaker, electric bass, piano, kick drum, synthesizer, female singer, vocalists, high hat, drum machine, cymbal, distorted electric guitar, snare drum"
Tenderoni,Chromeo,"male singer, drum set, shaker, clean electric guitar, kick drum, synthesizer, toms, vocalists, high hat, snare drum"
Tubthumping,Chumbawamba,"drum set, synthesizer, vocalists, acoustic guitar, trumpet section, distorted electric guitar, Unlabeled"
Air Traffic,Clara Berry and Wooldog,"drum set, electric bass, clean electric guitar, piano, timpani, lap steel guitar, female singer"
Boys,Clara Berry and Wooldog,"bass drum, drum set, piano, timpani, synthesizer, female singer, tambourine, brass section, vocalists, tack piano, fx/processed sound, tenor saxophone, snare drum"
Stella,Clara Berry and Wooldog,"bass drum, drum set, electric bass, piano, cowbell, synthesizer, toms, female singer, vocalists, high hat, vibraphone, guiro, fx/processed sound, auxiliary percussion, snare drum"
The Bad Guys,Clara Berry and Wooldog,"fx/processed sound, female singer, piano"
Waltz For My Victims,Clara Berry and Wooldog,"drum set, electric bass, piano, glockenspiel, kick drum, female singer"
In My Place,Coldplay,"male singer, drum set, clean electric guitar, synthesizer, Unlabeled"
Shiver,Coldplay,"male singer, drum set, electric bass, clean electric guitar, kick drum, toms, high hat, Unlabeled, snare drum"
Hang Me Up To Dry,Cold War Kids,"male singer, drum set, electric bass, clean electric guitar, kick drum, toms, high hat, Unlabeled, snare drum"
Put Your Records On,Corinne Bailey Rae,"drum set, electric bass, kick drum, female singer, toms, vocalists, high hat, acoustic guitar, Unlabeled, snare drum"
Accidentally In Love,Counting Crows,"male singer, drum set, electric bass, kick drum, acoustic guitar, mandolin, distorted electric guitar, Unlabeled"
Shake,Count Zero,"male singer, drum set, electric bass, kick drum, cymbal, distorted electric guitar, Unlabeled, snare drum"
Jingle Bells,Crazy Frog,"Unlabeled, synthesizer, vocalists, acoustic guitar, drum machine, fx/processed sound, auxiliary percussion"
Old Tree,Creepoid,"male singer, drum set, electric bass, sleigh bells, shaker, kick drum, female singer, vocalists, tambourine, fx/processed sound, distorted electric guitar, auxiliary percussion, snare drum"
Oil,Croque Madame,"double bass, drum set, clean electric guitar, piano, kick drum, toms, high hat, cymbal, snare drum"
Pilot (Lakelot),Croque Madame,"double bass, drum set, clean electric guitar, piano, kick drum, toms, high hat, cymbal, snare drum"
Soldier Man,Dahka Band,"double bass, male singer, drum set, clean electric guitar, tenor saxophone"
Prisoner's Cinema,Dead Milkmen,"male singer, drum set, electric bass, clean electric guitar, glockenspiel, electronic organ, tambourine, vocalists, acoustic guitar, fx/processed sound, distorted electric guitar, castanet, shaker"
Lenfant prodigue,NYU,"male singer, piano"
Mendelssohn Piano Trio 1 Movement 1,Declare A String,"cello, Main System, piano, violin"
Mendelssohn Piano Trio 1 Movement 2,Declare a String,"Main System, cello, piano, violin"
Heavy Love,Dreamers of the Ghetto,"male singer, drum set, electric bass, kick drum, synthesizer, toms, female singer, vocalists, tambourine, cymbal, fx/processed sound, auxiliary percussion, shaker"
1930s Synth and Upright Bass,Ethan Hein,"double bass, fx/processed sound, synthesizer, drum machine"
Blues For Nofi,Ethan Hein,"drum set, electric bass"
Girl On A Bridge,Ethan Hein,"distorted electric guitar, piano, synthesizer, string section, auxiliary percussion"
Harmonica Figure,Ethan Hein,"harmonica, synthesizer, drum machine"
Waiting for GA,Faces on Film,"male singer, drum set, electric bass, clean electric guitar, kick drum, synthesizer, toms, female singer, vocalists, vibraphone, acoustic guitar, cymbal, cabasa, distorted electric guitar, auxiliary percussion"
Improvisation 1,Falling Sparks,"double bass, clarinet, auxiliary percussion, Main System"
Improvisation 2,Falling Sparks,"double bass, clarinet, auxiliary percussion, Main System"
Improvisation 3,Falling Sparks,"double bass, clarinet, auxiliary percussion, Main System"
Pak Klong Talad,Falling Sparks,"double bass, clarinet, auxiliary percussion, Main System"
Again,Family Band,"male singer, drum set, electric bass, clean electric guitar, shaker, kick drum, lap steel guitar, female singer, vocalists, tambourine, acoustic guitar, melodica, distorted electric guitar, auxiliary percussion, snare drum"
Dear Tessie,Fennel Cartwright,"flute, clarinet, french horn, Main System, oboe, bassoon"
Flower Drum Song,Fennel Cartwright,"clarinet, flute, french horn, oboe, bassoon"
Winter Lake,Fennel Cartwright,"clarinet, flute, french horn, Main System, oboe, bassoon"
I'd Like To Know,Filthy Bird,"drum set, electric bass, female singer, tambourine, acoustic guitar, distorted electric guitar"
Rhiannon,Fleetwood Mac,"drum set, electric bass, clean electric guitar, kick drum, synthesizer, toms, female singer, vocalists, snare drum"
Business Time,Flight of the Concords,"double bass, male singer, drum set, kick drum, male speaker, high hat, acoustic guitar, Unlabeled, snare drum"
All My Life,Foo Fighters,"male singer, drum set, electric bass, kick drum, cymbal, distorted electric guitar, Unlabeled, snare drum"
Keep Me Runnin,Fruit Cathedral,"drum set, electric bass, vocalists, acoustic guitar, distorted electric guitar, shaker"
Punch Drunk,Grants,"sampler, electric bass, piano, kick drum, vocalists, high hat, drum machine, fx/processed sound, male rapper, snare drum"
Tornami a Vagheggiar,NYU,"female singer, piano"
Mitad del Mundo,Helado Negro,"male singer, synthesizer, tambourine, tack piano, vibraphone, drum machine, fx/processed sound, snare drum"
Borrowed Heart,Hezekiah Jones,"male singer, violin section, drum set, electric bass, kick drum, lap steel guitar, female singer, vocalists, vibraphone, acoustic guitar, cymbal, banjo, auxiliary percussion, snare drum"
Sister Cities,Hop Along,"drum set, electric bass, kick drum, female singer, toms, synthesizer, vocalists, vibraphone, acoustic guitar, distorted electric guitar, snare drum"
Chicken Fried Steak,Hops 'n Vinyl,"double bass, drum set, kick drum, Main System, vibraphone, tenor saxophone"
Honey Brown,Hops ’n Vinyl,"double bass, drum set, Main System, vibraphone, tenor saxophone"
Reign Check,Hops ’n Vinyl,"double bass, drum set, Main System, vibraphone, tenor saxophone"
Widows Walk,Hops ’n Vinyl,"double bass, drum set, soprano saxophone, Main System, vibraphone"
Drive,Incubus,"male singer, drum set, electric bass, kick drum, vocalists, high hat, acoustic guitar, Unlabeled, snare drum"
Disturbing Wildlife,Invisible Familiars,"trumpet, male singer, drum set, electric bass, clean electric guitar, shaker, kick drum, female singer, toms, vocalists, claps, tack piano, trumpet section, snare drum"
Need You Tonight,INXS,"male singer, drum set, clean electric guitar, Unlabeled, kick drum, synthesizer, vocalists, auxiliary percussion, snare drum"
Definition,Joel Helander,"trumpet, flute, piano, violin, trombone, horn section, french horn, chimes, viola, cello, bassoon, string section, snare drum"
Excessive Resistance to Change,Joel Helander,"double bass, clarinet, violin section, drum set, piano, violin, kick drum, french horn, horn section, toms, tack piano, acoustic guitar, bassoon, auxiliary percussion, snare drum"
In the Attic Bedroom (Suite Part Three),Joel Helander,"viola, cello, Main System, violin"
Ruby,Kaiser Chiefs,"male singer, drum set, electric bass, kick drum, vocalists, cymbal, distorted electric guitar, Unlabeled, snare drum"
Carry On My Wayward Son,Kansas,"crowd, drum set, electric bass, kick drum, vocalists, high hat, distorted electric guitar, Unlabeled, snare drum"
Love Lockdown,Kanye West,"male singer, piano, synthesizer, auxiliary percussion"
Volamos,Karachacha,"double bass, drum set, kick drum, vibraphone, acoustic guitar, auxiliary percussion"
Hopscotch,Karim Douaidy,"electric bass, doumbek, piano, claps, acoustic guitar, oud, darbuka, auxiliary percussion"
Yatora,Karim Douaidy,"electric bass, doumbek, piano, acoustic guitar, oud, darbuka, auxiliary percussion"
Charlie Knox,Katzn,"clarinet, piano, violin, Main System, cello, auxiliary percussion"
I Told You So,Keith Urban,"male singer, drum set, electric bass, kick drum, acoustic guitar, Unlabeled, snare drum"
She Thinks My Tractor's Sexy,Kenny Chesney,"male singer, drum set, electric bass, clean electric guitar, kick drum, toms, acoustic guitar, Unlabeled, snare drum"
Sex On Fire,Kings Of Leon,"male singer, drum set, electric bass, kick drum, high hat, distorted electric guitar, Unlabeled, snare drum"
Rock and Roll All Nite,KISS,"male singer, drum set, electric bass, kick drum, toms, tambourine, vocalists, cymbal, distorted electric guitar, snare drum"
My Sharona,Knack,"male singer, drum set, electric bass, kick drum, toms, distorted electric guitar, Unlabeled, snare drum"
Freak On A Leash,KoRn,"male singer, crowd, drum set, electric bass, kick drum, synthesizer, toms, high hat, distorted electric guitar, Unlabeled, snare drum"
Black Horse And The Cherry Tree,KT Tunstall,"drum set, electric bass, kick drum, female singer, vocalists, high hat, acoustic guitar, auxiliary percussion, Unlabeled, snare drum"
Suddenly I See,KT Tunstall,"drum set, electric bass, clean electric guitar, female singer, Unlabeled"
Telephone,Lady Gaga featuring Beyonce,"synthesizer, female singer, vocalists, drum machine, fx/processed sound, harp"
Bad Romance,Lady Gaga,"synthesizer, female singer, vocalists, drum machine, Unlabeled"
Born This Way,Lady Gaga,"sampler, synthesizer, female singer, vocalists, drum machine, string section, Unlabeled"
Requiem,Lamb Of God,"male singer, drum set, electric bass, male screamer, fx/processed sound, distorted electric guitar"
Bulletproof,La Roux,"kick drum, female singer, synthesizer, vocalists, drum machine, Unlabeled"
Are You Gonna Go My Way,Lenny Kravitz,"male singer, crowd, drum set, electric bass, kick drum, toms, cymbal, distorted electric guitar, Unlabeled, snare drum"
The Silver Sea,Lewis And Clarke,"male singer, drum set, electric bass, synthesizer, cello, acoustic guitar, cymbal, string section, electric piano"
Not Fair,Lily Allen,"double bass, clean electric guitar, piano, synthesizer, female singer, drum machine, Unlabeled"
In The End,Linkin Park,"male singer, drum set, electric bass, clean electric guitar, piano, kick drum, string section, vocalists, high hat, male rapper, distorted electric guitar, Unlabeled, snare drum"
The Alchemist,Little Tybee,"drum set, electric bass, clean electric guitar, violin, female singer, acoustic guitar, distorted electric guitar, electric piano"
My Own Worst Enemy,Lit,"male singer, crowd, drum set, electric bass, kick drum, cymbal, distorted electric guitar, Unlabeled, snare drum"
I Alone,Live,"male singer, drum set, electric bass, clean electric guitar, vocalists, distorted electric guitar"
Coldwar,Liz Nelson & Jennifer Davies,"acoustic guitar, female singer"
I'm Coming Home,Liz Nelson,female singer
Rainfall,Liz Nelson & Jennifer Davies,"acoustic guitar, female singer, clean electric guitar"
Cadillac Solitario,Loquillo y Los Trogloditas,"male singer, drum set, electric bass, kick drum, toms, high hat, distorted electric guitar, Unlabeled, snare drum"
La Bamba,Los Lobos,"male singer, crowd, drum set, electric bass, clean electric guitar, kick drum, toms, vocalists, cymbal, Unlabeled, snare drum"
Toynbee Suite,Lushlife,"clarinet, clean electric guitar, piano, synthesizer, horn section, trumpet, electric bass, glockenspiel, kick drum, brass section, high hat, trumpet section, male rapper, string section, snare drum, toms, claps, fx/processed sound, drum set, scratches, drum machine"
Free Bird,Lynyrd Skynyrd,"male singer, drum set, electric bass, clean electric guitar, kick drum, toms, high hat, acoustic guitar, Unlabeled, snare drum"
This Love,Maroon 5,"male singer, drum set, electric bass, kick drum, toms, vocalists, high hat, Unlabeled, snare drum"
This Ones for the Girls,Martina McBride,"drum set, electric bass, kick drum, female singer, vocalists, high hat, distorted electric guitar, Unlabeled, snare drum"
I Heard It Through The Grapevine,Marvin Gaye,"male singer, electric bass, kick drum, synthesizer, toms, vocalists, high hat, string section, Unlabeled, snare drum"
Whats Going On,Marvin Gaye,"snaps, violin section, male singer, viola section, drum set, piano, electric bass, clean electric guitar, bongo, vocalists, vibraphone, acoustic guitar, cello section, string section, alto saxophone"
An Evening With Oliver,Matthew Entwistle,"double bass, clarinet, flute, violin section, piano, violin, glockenspiel, french horn section, bongo, vocalists, cello, viola, oboe, bassoon, harp"
Dont You Ever,Matthew Entwistle,"double bass, male singer, drum set, piano, brass section, violin section"
Fairer Hopes,Matthew Entwistle,"bass drum, double bass, flute, violin section, piano, clarinet section, french horn, cymbal, gong, cello section, harp, string section"
Impressions of Saturn,Matthew Entwistle,"piano, violin, viola, cello, fx/processed sound"
Lontano,Matthew Entwistle,"female singer, piano"
Return To Venezia,Matthew Entwistle,"viola, piano"
The Arch,Matthew Entwistle,"flute section, trombone section, violin section, viola section, piano, french horn section, synthesizer, bamboo flute, piccolo, cymbal, gong, trumpet section, cello section, fx/processed sound"
The Flaxen Field,Matthew Entwistle,"cello, clarinet, piano, violin"
Livin On The Corner Of Dude And Catastrophe,MC Frontalot,"male singer, drum set, electric bass, kick drum, high hat, male rapper, distorted electric guitar, Unlabeled, snare drum"
Take A Step,Meaxic,"male singer, drum set, electric bass, clean electric guitar, kick drum, toms, vocalists, high hat, cymbal, distorted electric guitar, snare drum"
You Listen,Meaxic,"male singer, drum set, electric bass, clean electric guitar, kick drum, toms, vocalists, high hat, acoustic guitar, distorted electric guitar, snare drum"
Beat It,Michael Jackson,"male singer, crowd, drum set, electric bass, kick drum, synthesizer, vocalists, high hat, distorted electric guitar, Unlabeled, snare drum"
All Good Things,Michael Kropf,"piano, violin"
Hunting Season,Midnight Blue,"male singer, drum set, electric bass, piano, distorted electric guitar"
Stars Are Screaming,Midnight Blue,"male singer, distorted electric guitar, drum set, electric bass"
Whered You Go,Mighty Mighty Bosstones,"male singer, drum set, electric bass, clean electric guitar, kick drum, distorted electric guitar, Unlabeled"
Quicksilver,Mike Oldfield,"clean electric guitar, synthesizer, piano, drum machine"
7 Things,Miley Cyrus,"drum set, electric bass, kick drum, female singer, toms, vocalists, high hat, acoustic guitar, distorted electric guitar, Unlabeled, snare drum"
Headphones On,Miranda Cosgrove,"drum set, electric bass, kick drum, female singer, cymbal, distorted electric guitar, Unlabeled, snare drum"
Astro Zombies,Misfits,"male singer, drum set, electric bass, kick drum, vocalists, cymbal, distorted electric guitar, snare drum"
Float On,Modest Mouse,"male singer, crowd, drum set, electric bass, clean electric guitar, kick drum, vocalists, cymbal, Unlabeled, snare drum"
Bester Jungling,NYU,"female singer, piano"
Dies Bildnis,NYU,"male singer, piano"
Kids in America,Muffs,"crowd, drum set, electric bass, kick drum, female singer, high hat, distorted electric guitar, Unlabeled, snare drum"
Hysteria,Muse,"male singer, drum set, kick drum, synthesizer, distorted electric guitar, Unlabeled, snare drum"
80s Rock,Music Delta Multitracks,"male singer, distorted electric guitar, drum set, electric bass"
Beatles,Music Delta Multitracks,"male singer, drum set, electric bass, clean electric guitar, female singer, acoustic guitar"
Bebop Jazz,Music Delta,"double bass, trumpet, drum set, piano, tenor saxophone"
Beethoven,Music Delta Multitracks,"double bass, trumpet, flute, clarinet, bassoon, french horn, timpani, viola, cello, oboe, violin section"
Britpop,Music Delta Multitracks,"drum set, electric bass, clean electric guitar, female singer, acoustic guitar, distorted electric guitar"
Chinese Chao Zhou,Music Delta,"yangqin, erhu, guzheng, dizi"
Chinese Drama,Music Delta,"yangqin, dizi, zhongruan, guzheng, erhu"
Chinese Henan Style,Music Delta,"yangqin, dizi, guzheng, erhu, liuqin"
Chinese Jiang Nan,Music Delta,"yangqin, dizi, zhongruan, guzheng, erhu"
Chinese Xin Jing,Music Delta,"yangqin, zhongruan, gu, erhu, liuqin"
Chinese Yao Zu,Music Delta,"yangqin, dizi, guzheng, erhu, auxiliary percussion"
Cool Jazz,Music Delta,"double bass, trumpet, drum set, piano, baritone saxophone"
Country 1,Music Delta Multitracks,"male singer, drum set, electric bass, acoustic guitar"
Country 2,Music Delta Multitracks,"drum set, electric bass, clean electric guitar, female singer"
Disco,Music Delta Multitracks,"male singer, drum set, electric bass, clean electric guitar"
Free Jazz,Music Delta,"double bass, drum set, bass clarinet"
Funk Jazz,Music Delta,"alto saxophone, drum set, electric bass, electric piano"
Fusion Jazz,Music Delta,"trumpet, drum set, electric bass, soprano saxophone, synthesizer, electric piano"
Gospel,Music Delta Multitracks,"drum set, electric bass, clean electric guitar, female singer, claps"
Grieg Trolltog,Music Delta Multitracks,"double bass, flute section, viola section, clarinet section, tuba, timpani, piccolo, cello, brass section, cymbal, oboe, trumpet section, violin section"
Grunge,Music Delta Multitracks,"male singer, distorted electric guitar, drum set, electric bass"
Hendrix,Music Delta Multitracks,"male singer, distorted electric guitar, drum set, electric bass"
In the Hall of the Mountain King,Music Delta Multitracks,"double bass, flute, clarinet, trombone, french horn section, bassoon, tuba, timpani, toms, piccolo, cello, viola, cymbal, oboe, trumpet section, violin section"
Latin Jazz,Music Delta,"trumpet, flute, drum set, electric bass, electric piano"
Modal Jazz,Music Delta,"double bass, trumpet, drum set, piano, tenor saxophone"
Pachelbel Canon,Music Delta,"viola, cello, violin"
Punk,Music Delta Multitracks,"male singer, distorted electric guitar, drum set, electric bass"
Reggae,Music Delta Multitracks,"male singer, drum set, electric bass, clean electric guitar"
Rockabilly,Music Delta Multitracks,"drum set, electric bass, clean electric guitar, female singer, distorted electric guitar"
Rock,Music Delta Multitracks,"male singer, drum set, electric bass, clean electric guitar"
Shadows,Music Delta,"drum set, electric bass, clean electric guitar"
Speed Metal,Music Delta,"distorted electric guitar, drum set, electric bass"
Swing Jazz,Music Delta,"double bass, clarinet, drum set, piano"
Vivaldi,Music Delta,"double bass, cello, violin section, viola section"
Zeppelin,Music Delta,"distorted electric guitar, drum set, electric bass"
Not For Nothing,Mutual Benefit,"male singer, drum set, electric bass, piano, violin, acoustic guitar, violin section"
Fire,Night Panther,"male singer, synthesizer, cymbal, electric bass, kick drum, brass section, high hat, cornet, violin section, string section, auxiliary percussion, snare drum, toms, vocalists, tambourine, fx/processed sound, drum set, female singer, cello, drum machine"
Save Me,Pattern Is Movement,"drum set, male singer, electronic organ"
You Always Look For Someone Lost,Peter Matthew Bauer,"male singer, drum set, electric bass, clean electric guitar, piano, kick drum, female singer, toms, chimes, tambourine, vocalists, acoustic guitar, auxiliary percussion"
The Broken Pledge - Chicago Reel,Phoenix,"flute, acoustic guitar, violin"
The Collier's Daughter,Phoenix,"flute, electric bass, violin, Main System, acoustic guitar"
Elzic's Farewell,Phoenix,"violin, Main System, acoustic guitar, mandolin"
Lark On The Strand - Drummond Castle,Phoenix,"Main System, flute, acoustic guitar, violin"
Lark On The Strand - Drummond Castle,Phoenix,"Main System, flute, acoustic guitar, violin"
Sean Caughlin's - The Scartaglen,Phoenix,"electric bass, violin, Main System, acoustic guitar, mandolin"
Good Shout,Plasma,"distorted electric guitar, drum set, electric bass, clean electric guitar"
Brahms,Police Hearing Department,"viola, piano, Main System"
Schumann Movement 1,Police Hearing Department,"flute, piano, violin, Main System, viola, bassoon"
Schumann Movement 2,Police Hearing Department,"flute, piano, violin, Main System, viola, bassoon"
Vivaldi Movement 1,Police Hearing Department,"bassoon, flute, violin, Main System"
Vivaldi Movement 2,Police Hearing Department,"bassoon, flute, violin, Main System"
Vivaldi Movement 3,Police Hearing Department,"bassoon, flute, violin, Main System"
Stay Even,Port St Willow,"male singer, drum set, electric bass, clean electric guitar, piano, kick drum, toms, vocalists, high hat, tack piano, cymbal, fx/processed sound, distorted electric guitar, snare drum"
Lolita,Purling Hiss,"male singer, drum set, electric bass, clean electric guitar, kick drum, tambourine, vocalists, distorted electric guitar, snare drum"
Circuits,Quantum Chromos,"bass drum, double bass, clarinet, male singer, piano, violin, Main System"
Ballad for Laura,Rodrigo Bonelli,"trumpet, double bass, drum set, bass clarinet, trombone, piano, kick drum, tenor saxophone, snare drum"
Boom Boxing,Sasquatch Connection,"double bass, trombone section, drum set, clean electric guitar, piano, trumpet section, tenor saxophone"
Holy Clams Batman,Sasquatch Connection,"double bass, trombone section, drum set, piano, clean electric guitar, trumpet section, tenor saxophone"
Illuminati,Sasquatch Connection,"double bass, trombone section, drum set, piano, kick drum, horn section, trumpet section, cymbal"
Struttin,Sasquatch Connection,"double bass, trombone section, drum set, clean electric guitar, piano, trumpet section, tenor saxophone"
Thanks a Latte,Sasquatch Connection,"double bass, trombone section, drum set, clean electric guitar, piano, trumpet section, tenor saxophone"
Erstarrung,NYU,"male singer, piano"
Mignon (Kennst du das Land) Op.92a Mvt.1,NYU,"female singer, piano"
High Horse,Secret Mountains,"drum set, electric bass, clean electric guitar, piano, kick drum, female singer, toms, synthesizer, vocalists, tambourine, cymbal, fx/processed sound, snare drum"
First Snow,Slow Ghost,"drum set, electric bass, electric piano"
Midnight Groove,Slow Ghost,"drum set, electric bass, electric piano"
Peanut,Slow Ghost,"drum set, electric bass, electric piano"
You’re a Mystery,Slow Ghost,"drum set, electric bass, electric piano"
Curfews,Snowmine,"male singer, drum set, electric bass, snare drum, sampler, clean electric guitar, kick drum, synthesizer, toms, tambourine, vocalists, tack piano, vibraphone, fx/processed sound, auxiliary percussion, shaker"
Two Moons,Song Yi Jeon,"female singer, piano"
Bounty,Steven Clark,"male singer, drum set, electric bass, clean electric guitar, piano, kick drum, female singer, synthesizer, toms, vocalists, snare drum"
Spacestation,Strand of Oaks,"male singer, drum set, electric bass, shaker, piano, kick drum, female singer, toms, synthesizer, vocalists, tambourine, tack piano, auxiliary percussion, snare drum"
Almost Always,SWEAT,"drum set, clean electric guitar, piano, synthesizer, Main System, tenor saxophone"
Anecdoche,SWEAT,"drum set, piano, clean electric guitar, Main System, alto saxophone"
Elegy,SWEAT,"drum set, clean electric guitar, piano, Main System, tenor saxophone"
Mesozoic,SWEAT,"drum set, piano, clean electric guitar, synthesizer, Main System, tenor saxophone"
SN 1572,Sweat,"drum set, electric bass, kick drum, toms, Main System, high hat, cymbal, distorted electric guitar, electric piano, snare drum"
Tact,SWEAT,"drum set, clean electric guitar, piano, Main System, tenor saxophone"
You Let Me Down,Sweet Lights,"male singer, piano, synthesizer, cymbal, electric bass, kick drum, tack piano, acoustic guitar, auxiliary percussion, shaker, snare drum, timpani, toms, vocalists, claps, tambourine, vibraphone, drum set, drum machine"
Animoog,Tabla Breakbeat Science,"electric bass, drum machine, fx/processed sound, tabla, distorted electric guitar"
Captain Sky,Tabla Breakbeat Science,"tabla, drum set, electric bass, drum machine"
Milo vs Mongo,Tabla Breakbeat Science,"drum set, synthesizer, mandolin, drum machine, fx/processed sound, tabla"
Moody Plucks,Tabla Breakbeat Science,"tabla, clean electric guitar, synthesizer, drum machine, fx/processed sound, harp"
Phase Transition,Tabla Breakbeat Science,"accordion, electric bass, synthesizer, mandolin, drum machine, fx/processed sound, tabla"
Rock Steady,Tabla Breakbeat Science,"accordion, tabla, mandolin, drum machine"
Scorpio,Tabla Breakbeat Science,"accordion, clean electric guitar, synthesizer, drum machine, fx/processed sound, tabla"
Vger,Tabla Breakbeat Science,"accordion, clean electric guitar, synthesizer, mandolin, drum machine, fx/processed sound, tabla, auxiliary percussion"
WhoIsIt,Tabla Breakbeat Science,"electric bass, clean electric guitar, synthesizer, mandolin, drum machine, accordion, tabla"
Psycho Killer,Talking Heads,"male singer, crowd, drum set, electric bass, clean electric guitar, kick drum, high hat, Unlabeled, snare drum"
Love Story,Taylor Swift,"drum set, sampler, electric bass, kick drum, female singer, toms, vocalists, acoustic guitar, distorted electric guitar, Unlabeled, snare drum"
You Belong With Me,Taylor Swift,"drum set, electric bass, kick drum, female singer, toms, vocalists, high hat, Unlabeled, snare drum"
Everybody Wants to Rule the World,Tears for Fears,"male singer, drum set, clean electric guitar, kick drum, synthesizer, vocalists, high hat, Unlabeled, snare drum"
Dorothy Jeanne,Tempered Elan,"flute, harp, Main System"
Wise One,Tempered Elan,"flute, harp, Main System"
Modern Day Cowboy,Tesla,"male singer, drum set, kick drum, distorted electric guitar, Unlabeled"
Dirty Little Secret,The All American Rejects,"male singer, drum set, electric bass, piano, kick drum, synthesizer, toms, tambourine, vocalists, cymbal, distorted electric guitar, snare drum"
Ramblin Man,The Allman Brothers Band,"drum set, electric bass, clean electric guitar, piano, kick drum, electronic organ, toms, vocalists, tambourine, cymbal, snare drum"
Twist and Shout,The Beatles,"male singer, drum set, electric bass, clean electric guitar, male speaker, vocalists"
Wait,The Beatles,"drum set, electric bass, clean electric guitar, male speaker, vocalists, tambourine, shaker"
What Goes On,The Beatles,"drum set, electric bass, clean electric guitar, male speaker, vocalists"
When I'm 64,The Beatles,"male singer, drum set, electric bass, piano, clarinet section, vocalists"
While My Guitar Gently Weeps,The Beatles,"drum set, electric bass, vocalists, acoustic guitar, castanet"
With a Little Help From My Friends,The Beatles,"male singer, drum set, electric bass, vocalists, distorted electric guitar, Unlabeled"
Within You Without You,The Beatles,"sitar, male singer, tabla, string section, dilruba, Unlabeled"
Yellow Submarine,The Beatles,"male singer, drum set, electric bass, vocalists, acoustic guitar, Unlabeled"
You Won't See Me,The Beatles,"male singer, drum set, electric bass, clean electric guitar, vocalists, Unlabeled"
Your Touch,The Black Keys,"male singer, distorted electric guitar, drum set"
Believe,The Bravery,"drum set, clean electric guitar, kick drum, synthesizer, vocalists, cymbal, distorted electric guitar, snare drum"
False Alarm,The Bronx,"male singer, drum set, electric bass, kick drum, male screamer, distorted electric guitar, snare drum"
Six Days a Week,The Bronx,"drum set, electric bass, kick drum, distorted electric guitar, Unlabeled, snare drum"
Vermont,The Districts,"male singer, drum set, electric bass, clean electric guitar, kick drum, synthesizer, vocalists, tambourine, snare drum"
Franck Violin Sonata in A Major Movement 1,The Franck Duo,"violin, piano, Main System"
Franck Violin Sonata in A Major Movement 2,The Franck Duo,"violin, piano, Main System"
Somebody Told Me,The Killers,"male singer, drum set, electric bass, synthesizer, vocalists, distorted electric guitar"
Alive,The Kitchenettes,"drum set, electric bass, piano, violin, clean electric guitar, female singer, vocalists, acoustic guitar"
Naive,The Kooks,"male singer, drum set, electric bass, clean electric guitar, kick drum, toms, vocalists, cymbal, snare drum"
Pictures Of You,The Last Goodnight,"male singer, drum set, electric bass, piano, kick drum, toms, high hat, distorted electric guitar, Unlabeled, snare drum"
Elgar Movement 1,The NoHo String Orchestra,"double bass, violin section, viola section, Main System, cello section"
Elgar Movement 2,The NoHo String Orchestra,"double bass, viola section, cello section, Main System, violin section"
Elgar Movement 3,The NoHo String Orchestra,"double bass, viola section, cello section, Main System, violin section"
Les Fleurs Du Mal,The Scarlet Brand,"male singer, drum set, electric bass, clean electric guitar, kick drum, toms, high hat, fx/processed sound, distorted electric guitar, snare drum"
Emergency,The So So Glos,"male singer, drum set, electric bass, clean electric guitar, shaker, kick drum, synthesizer, vocalists, high hat, whistle, acoustic guitar, vibraphone, fx/processed sound, cabasa, distorted electric guitar, auxiliary percussion, snare drum"
Lush,The Ton Tons,"male singer, drum set, electric bass, clean electric guitar, female singer, tambourine, distorted electric guitar"
Happy Together,The Turtles,"male singer, drum set, electric bass, kick drum, toms, vocalists, high hat, Unlabeled, snare drum"
The Boys Are Back In Town,Thin Lizzy,"male singer, drum set, electric bass, kick drum, toms, high hat, distorted electric guitar, snare drum"
Jumper,Third Eye Blind,"male singer, drum set, electric bass, kick drum, acoustic guitar, distorted electric guitar, Unlabeled, snare drum"
Never Let You Go,Third Eye Blind,"male singer, drum set, electric bass, kick drum, toms, vocalists, high hat, distorted electric guitar, Unlabeled, snare drum"
Late,Tleilax Ensemble,"double bass, male singer, violin, female singer, Main System"
Melancholy Flowers,Tleilax Ensemble,"double bass, male singer, violin, female singer, Main System"
I Wont Back Down,Tom Petty and The Heartbreakers,"male singer, drum set, electric bass, clean electric guitar, kick drum, vocalists, high hat, Unlabeled, snare drum"
Free Fallin,Tom Petty,"male singer, drum set, electric bass, kick drum, vocalists, high hat, acoustic guitar, Unlabeled, snare drum"
If You Could Only See,Tonic,"male singer, drum set, electric bass, clean electric guitar, kick drum, toms, vocalists, high hat, acoustic guitar, Unlabeled, snare drum"
New Skin,Torres,"drum set, electric bass, clean electric guitar, female singer, distorted electric guitar"
Bartender,T-Pain,"male singer, synthesizer, vocalists, drum machine, electric piano"
Alone and Sad,Trevor and the Soundwaves,"male singer, drum set, electric bass, clean electric guitar, distorted electric guitar"
Wolf Like Me,TV On The Radio,"drum set, kick drum, synthesizer, distorted electric guitar, Unlabeled, snare drum"
Cousins,Vampire Weekend,"male singer, drum set, electric bass, clean electric guitar, kick drum, toms, high hat, snare drum"
Holiday,Vampire Weekend,"male singer, drum set, electric bass, kick drum, toms, cymbal, distorted electric guitar, snare drum"
Jump,Van Halen,"male singer, drum set, electric bass, kick drum, synthesizer, toms, high hat, Unlabeled, snare drum"
Ice Ice Baby,Vanilla Ice,"electric bass, synthesizer, drum machine, male rapper, Unlabeled"
Il Trovatore,Verdi,"female singer, piano"
YMCA,Village People,"male singer, drum set, electric bass, kick drum, toms, vocalists, high hat, horn section, string section, Unlabeled, snare drum"
Island In The Sun,Weezer,"drum set, electric bass, kick drum, vocalists, high hat, acoustic guitar, Unlabeled, snare drum"
Play That Funky Music,Wild Cherry,"drum set, electric bass, clean electric guitar, kick drum, high hat, Unlabeled, snare drum"
Die Bekherte,NYU,"female singer, piano"
